,Trusted Judgements,Appropriateness Score,Category,Full Context
0,3,1.0,Food,"Holiday, Family, Weekend trip"
1,4,1.0,Playground,"Business, Friends, Weekend trip"
2,3,1.0,Wings Joint,"Holiday, Alone, Night out"
3,3,1.0,Buffet,"Holiday, Family, Longer trip"
4,4,-1.0,Miscellaneous Shop,"Business, Friends, Weekend trip"
5,3,1.0,Pizza Place,"Holiday, Other group, Day trip"
6,3,-1.0,Clothing Store,"Holiday, Friends, Day trip"
7,3,1.0,Convenience Store,"Holiday, Family, Longer trip"
8,3,1.0,Furniture / Home Store,"Holiday, Other group, Day trip"
9,3,1.0,Karaoke Bar,"Holiday, Friends, Longer trip"
10,4,1.0,Residential Building (Apartment / Condo),"Holiday, Family, Day trip"
11,3,-1.0,Hospital,"Holiday, Family, Weekend trip"
12,3,-1.0,College Residence Hall,"Holiday, Friends, Weekend trip"
13,3,-1.0,Grocery Store,"Business, Alone, Day trip"
14,3,1.0,Miscellaneous Shop,"Business, Friends, Day trip"
15,3,-1.0,Taco Place,"Holiday, Friends, Weekend trip"
16,3,-1.0,Arcade,"Business, Friends, Weekend trip"
17,4,1.0,Rock Club,"Other trip, Friends, Night out"
18,4,-1.0,College Administrative Building,"Holiday, Friends, Longer trip"
19,3,1.0,Taco Place,"Holiday, Friends, Longer trip"
20,3,1.0,Bed & Breakfast,"Holiday, Family, Weekend trip"
21,3,1.0,Southern / Soul Food Restaurant,"Holiday, Friends, Day trip"
22,3,1.0,Hotel Bar,"Holiday, Friends, Weekend trip"
23,3,1.0,Hotel Bar,"Holiday, Family, Longer trip"
24,3,1.0,Bagel Shop,"Holiday, Friends, Weekend trip"
25,4,1.0,Dessert Shop,"Holiday, Friends, Weekend trip"
26,3,1.0,Theater,"Other trip, Family, Weekend trip"
27,3,-1.0,Meeting Room,"Other trip, Family, Longer trip"
28,3,1.0,Performing Arts Venue,"Holiday, Alone, Weekend trip"
29,3,1.0,Clothing Store,"Holiday, Family, Weekend trip"
30,4,1.0,Lounge,"Business, Alone, Weekend trip"
31,3,1.0,Snack Place,"Holiday, Friends, Night out"
32,3,-1.0,Furniture / Home Store,"Other trip, Friends, Longer trip"
33,4,1.0,Coworking Space,"Business, Alone, Weekend trip"
34,3,1.0,Planetarium,"Holiday, Friends, Day trip"
35,3,1.0,Theme Park,"Other trip, Family, Weekend trip"
36,4,-1.0,Dog Run,"Holiday, Alone, Longer trip"
37,3,-1.0,Taco Place,"Business, Family, Longer trip"
38,3,1.0,Convenience Store,"Holiday, Friends, Longer trip"
39,3,-1.0,Sculpture Garden,"Business, Family, Longer trip"
40,3,-1.0,College Library,"Holiday, Friends, Weekend trip"
41,4,-1.0,Movie Theater,"Business, Other group, Longer trip"
42,3,1.0,History Museum,"Holiday, Family, Weekend trip"
43,4,-1.0,Furniture / Home Store,"Holiday, Friends, Longer trip"
44,3,-1.0,Bar,"Holiday, Family, Weekend trip"
45,3,1.0,Seafood Restaurant,"Holiday, Family, Night out"
46,3,-1.0,History Museum,"Business, Alone, Weekend trip"
47,4,1.0,Caribbean Restaurant,"Business, Friends, Day trip"
48,3,1.0,Music Venue,"Holiday, Alone, Weekend trip"
49,3,-1.0,Campground,"Business, Alone, Longer trip"
50,3,-1.0,College Library,"Holiday, Family, Longer trip"
51,3,1.0,Harbor / Marina,"Holiday, Friends, Longer trip"
52,4,-1.0,Aquarium,"Business, Alone, Night out"
53,4,1.0,Travel Agency,"Other trip, Family, Longer trip"
54,3,1.0,Concert Hall,Day trip
55,4,1.0,Spanish Restaurant,"Business, Other group, Longer trip"
56,4,1.0,Theme Park Ride / Attraction,"Other trip, Family, Weekend trip"
57,3,-1.0,Sandwich Place,"Business, Friends, Day trip"
58,4,-1.0,Boutique,"Holiday, Friends, Weekend trip"
59,3,-1.0,College Residence Hall,"Holiday, Family, Longer trip"
60,4,1.0,Park,"Holiday, Friends, Night out"
61,3,1.0,Mexican Restaurant,"Holiday, Longer trip"
62,4,1.0,Women's Store,"Holiday, Family, Weekend trip"
63,4,1.0,Winery,"Holiday, Alone, Weekend trip"
64,3,1.0,Snack Place,Day trip
65,4,-1.0,Airport,"Holiday, Family, Night out"
66,3,1.0,Sports Bar,"Holiday, Other group, Longer trip"
67,3,1.0,Korean Restaurant,"Other trip, Friends, Weekend trip"
68,4,1.0,Park,"Holiday, Other group, Day trip"
69,4,1.0,Deli / Bodega,"Holiday, Friends, Weekend trip"
70,3,1.0,Fish & Chips Shop,"Holiday, Friends, Day trip"
71,4,-1.0,Bank,"Other trip, Family, Longer trip"
72,3,-1.0,Gym,"Holiday, Family, Night out"
73,3,1.0,Park,"Holiday, Friends, Weekend trip"
74,4,1.0,Tapas Restaurant,"Business, Alone, Weekend trip"
75,4,-1.0,Coworking Space,"Holiday, Family, Longer trip"
76,4,1.0,Fast Food Restaurant,"Holiday, Family, Weekend trip"
77,4,-1.0,Design Studio,"Holiday, Alone, Longer trip"
78,3,1.0,French Restaurant,"Other trip, Family, Weekend trip"
79,4,1.0,German Restaurant,"Holiday, Family, Weekend trip"
80,4,-1.0,Gift Shop,"Business, Alone, Longer trip"
81,4,1.0,Zoo,"Holiday, Friends, Longer trip"
82,3,1.0,Arcade,"Holiday, Alone, Weekend trip"
83,4,1.0,Event Space,"Holiday, Friends, Weekend trip"
84,3,-1.0,Dog Run,"Business, Other group, Longer trip"
85,4,-1.0,Coffee Shop,"Holiday, Friends, Day trip"
86,3,1.0,BBQ Joint,"Holiday, Other group, Longer trip"
87,3,1.0,Pet Store,"Other trip, Family, Weekend trip"
88,3,1.0,Korean Restaurant,"Holiday, Friends, Longer trip"
89,3,1.0,History Museum,"Other trip, Friends, Longer trip"
90,3,-1.0,Hospital,"Holiday, Family, Longer trip"
91,3,-1.0,Ice Cream Shop,"Business, Alone, Night out"
92,3,-1.0,Park,"Business, Alone, Night out"
93,3,1.0,Wings Joint,"Other trip, Friends, Longer trip"
94,4,1.0,Karaoke Bar,"Holiday, Family, Weekend trip"
95,3,1.0,Dessert Shop,"Other trip, Family, Weekend trip"
96,4,1.0,German Restaurant,"Holiday, Friends, Longer trip"
97,4,-1.0,Food Truck,"Other trip, Family, Day trip"
98,3,-1.0,Department Store,"Holiday, Alone, Longer trip"
99,3,-1.0,Meeting Room,"Holiday, Friends, Longer trip"
100,4,-1.0,Playground,"Business, Alone, Longer trip"
101,3,1.0,New American Restaurant,"Business, Alone, Night out"
102,3,-1.0,Meeting Room,"Other trip, Family, Weekend trip"
103,4,1.0,Taco Place,"Other trip, Family, Longer trip"
104,3,1.0,Pet Store,"Holiday, Family, Weekend trip"
105,3,1.0,Lounge,"Holiday, Friends, Night out"
106,3,1.0,Other Great Outdoors,"Holiday, Family, Longer trip"
107,3,1.0,Vegetarian / Vegan Restaurant,"Holiday, Friends, Weekend trip"
108,3,1.0,Hotel Bar,"Holiday, Alone, Longer trip"
109,3,1.0,Salon / Barbershop,"Holiday, Friends, Day trip"
110,3,1.0,Candy Store,"Holiday, Family, Longer trip"
111,3,-1.0,Historic Site,"Business, Friends, Weekend trip"
112,3,1.0,Mediterranean Restaurant,"Business, Alone, Day trip"
113,3,1.0,Vietnamese Restaurant,"Holiday, Other group, Longer trip"
114,4,-1.0,Pharmacy,"Holiday, Family, Longer trip"
115,3,-1.0,Concert Hall,"Business, Family, Longer trip"
116,3,1.0,Art Museum,"Holiday, Alone, Night out"
117,3,1.0,Bar,"Holiday, Other group, Day trip"
118,3,1.0,Movie Theater,"Holiday, Friends, Day trip"
119,3,-1.0,Wine Bar,"Holiday, Family, Night out"
120,3,1.0,Dessert Shop,"Business, Family, Longer trip"
121,3,1.0,Gastropub,"Business, Family, Longer trip"
122,3,1.0,Performing Arts Venue,"Other trip, Friends, Weekend trip"
123,3,1.0,Taco Place,"Holiday, Friends, Night out"
124,3,1.0,General Entertainment,"Holiday, Friends, Day trip"
125,3,-1.0,Dog Run,"Business, Alone, Night out"
126,3,1.0,Italian Restaurant,"Holiday, Family, Longer trip"
127,3,-1.0,College Quad,"Holiday, Family, Weekend trip"
128,3,1.0,Spa,"Holiday, Family, Night out"
129,3,1.0,Sandwich Place,"Business, Alone, Longer trip"
130,3,1.0,Southern / Soul Food Restaurant,"Business, Alone, Longer trip"
131,3,-1.0,Conference Room,"Holiday, Friends, Day trip"
132,3,1.0,Burrito Place,"Other trip, Family, Weekend trip"
133,4,1.0,History Museum,"Holiday, Friends, Weekend trip"
134,3,1.0,Event Space,"Holiday, Alone, Longer trip"
135,3,1.0,Liquor Store,"Holiday, Friends, Weekend trip"
136,3,1.0,Gourmet Shop,"Holiday, Friends, Weekend trip"
137,3,1.0,General Travel,"Holiday, Alone, Weekend trip"
138,3,-1.0,Department Store,"Business, Family, Longer trip"
139,3,1.0,Salad Place,"Holiday, Family, Weekend trip"
140,3,1.0,Hotel,"Business, Alone, Weekend trip"
141,3,-1.0,Meeting Room,"Holiday, Family, Longer trip"
142,3,1.0,Playground,"Holiday, Friends, Weekend trip"
143,3,1.0,Lounge,"Business, Alone, Night out"
144,3,1.0,BBQ Joint,"Other trip, Friends, Night out"
145,3,1.0,Bakery,"Holiday, Family, Day trip"
146,3,1.0,Botanical Garden,"Holiday, Family, Weekend trip"
147,3,1.0,Lake,"Business, Other group, Longer trip"
148,3,1.0,Pizza Place,"Business, Friends, Weekend trip"
149,3,1.0,Racetrack,"Holiday, Alone, Weekend trip"
150,3,1.0,Dive Bar,"Holiday, Alone, Night out"
151,3,1.0,Snack Place,"Holiday, Family, Weekend trip"
152,3,-1.0,History Museum,"Other trip, Friends, Night out"
153,3,1.0,Theme Restaurant,"Holiday, Friends, Weekend trip"
154,3,1.0,Food & Drink Shop,"Holiday, Family, Longer trip"
155,3,1.0,Breakfast Spot,"Holiday, Friends, Longer trip"
156,3,1.0,Clothing Store,"Holiday, Friends, Weekend trip"
157,3,1.0,Other Nightlife,"Holiday, Friends, Day trip"
158,3,1.0,Women's Store,"Other trip, Family, Day trip"
159,3,1.0,Wings Joint,"Business, Alone, Weekend trip"
160,3,1.0,Sporting Goods Shop,"Holiday, Friends, Day trip"
161,3,1.0,Restaurant,"Other trip, Family, Weekend trip"
162,3,1.0,Health Food Store,"Other trip, Family, Longer trip"
163,3,1.0,Greek Restaurant,"Holiday, Friends, Night out"
164,3,1.0,Road,"Holiday, Family, Longer trip"
165,3,1.0,German Restaurant,"Holiday, Family, Day trip"
166,3,1.0,Food & Drink Shop,"Holiday, Friends, Longer trip"
167,3,1.0,Sandwich Place,"Holiday, Alone, Longer trip"
168,3,1.0,Cajun / Creole Restaurant,"Other trip, Family, Longer trip"
169,3,-1.0,Bank,"Holiday, Friends, Day trip"
170,3,1.0,Shopping Mall,"Other trip, Family, Weekend trip"
171,4,1.0,Wings Joint,"Holiday, Friends, Night out"
172,3,1.0,Botanical Garden,"Holiday, Alone, Longer trip"
173,3,-1.0,Brewery,"Business, Other group, Longer trip"
174,3,1.0,American Restaurant,"Holiday, Alone, Longer trip"
175,3,1.0,Zoo,"Holiday, Family, Longer trip"
176,3,1.0,Surf Spot,"Holiday, Friends, Weekend trip"
177,3,1.0,Concert Hall,"Holiday, Family, Longer trip"
178,3,-1.0,School,"Other trip, Friends, Night out"
179,3,1.0,Juice Bar,"Holiday, Other group, Day trip"
180,3,1.0,Karaoke Bar,"Other trip, Family, Weekend trip"
181,3,1.0,Stadium,"Holiday, Alone, Weekend trip"
182,4,1.0,BBQ Joint,"Holiday, Family, Night out"
183,3,1.0,Sandwich Place,"Other trip, Family, Longer trip"
184,4,1.0,Candy Store,"Holiday, Friends, Weekend trip"
185,3,-1.0,Furniture / Home Store,"Holiday, Friends, Weekend trip"
186,3,1.0,Shopping Mall,"Other trip, Family, Longer trip"
187,3,1.0,Indie Theater,"Holiday, Family, Weekend trip"
188,3,1.0,Music Venue,"Other trip, Family, Day trip"
189,3,-1.0,University,"Holiday, Friends, Weekend trip"
190,3,1.0,Tex-Mex Restaurant,"Business, Alone, Night out"
191,3,1.0,Bridge,"Business, Alone, Longer trip"
192,3,1.0,Bagel Shop,"Other trip, Friends, Weekend trip"
193,3,1.0,Burrito Place,"Business, Family, Longer trip"
194,3,-1.0,Candy Store,"Business, Friends, Day trip"
195,3,-1.0,Hardware Store,"Holiday, Friends, Day trip"
196,3,1.0,Farmers Market,Day trip
197,3,1.0,Supermarket,"Holiday, Family, Longer trip"
198,3,1.0,College Theater,"Holiday, Family, Longer trip"
199,3,1.0,Tex-Mex Restaurant,"Holiday, Friends, Night out"
200,3,1.0,Bookstore,"Holiday, Family, Night out"
201,3,1.0,Science Museum,"Other trip, Friends, Weekend trip"
202,3,1.0,Farm,"Holiday, Family, Weekend trip"
203,3,1.0,Event Space,"Holiday, Family, Weekend trip"
204,3,-1.0,Gas Station,"Holiday, Family, Night out"
205,3,1.0,Sushi Restaurant,"Business, Alone, Longer trip"
206,3,1.0,Garden,"Holiday, Family, Weekend trip"
207,3,-1.0,College Classroom,"Holiday, Friends, Day trip"
208,3,1.0,Soup Place,"Holiday, Friends, Weekend trip"
209,4,1.0,Surf Spot,"Other trip, Family, Weekend trip"
210,3,-1.0,Convention Center,"Holiday, Family, Longer trip"
211,3,1.0,Garden,"Other trip, Family, Weekend trip"
212,3,1.0,Building,"Holiday, Friends, Longer trip"
213,3,1.0,Deli / Bodega,"Holiday, Friends, Night out"
214,3,1.0,Garden,"Holiday, Friends, Weekend trip"
215,3,-1.0,History Museum,"Business, Alone, Night out"
216,3,-1.0,Playground,"Business, Alone, Day trip"
217,3,1.0,Burger Joint,"Holiday, Other group, Longer trip"
218,3,-1.0,Bakery,"Alone, Longer trip"
219,3,1.0,Road,"Holiday, Friends, Day trip"
220,3,1.0,Meeting Room,"Holiday, Friends, Weekend trip"
221,3,1.0,Food & Drink Shop,"Holiday, Friends, Day trip"
222,3,1.0,Mexican Restaurant,"Holiday, Family, Weekend trip"
223,3,1.0,Karaoke Bar,"Holiday, Family, Day trip"
224,3,1.0,Art Museum,"Other trip, Friends, Weekend trip"
225,3,1.0,Other Great Outdoors,"Other trip, Friends, Longer trip"
226,3,-1.0,College Residence Hall,"Other trip, Family, Longer trip"
227,3,1.0,Fried Chicken Joint,"Holiday, Friends, Day trip"
228,3,1.0,Plaza,"Holiday, Alone, Night out"
229,3,1.0,Park,"Holiday, Family, Night out"
230,3,-1.0,Botanical Garden,"Holiday, Friends, Night out"
231,4,-1.0,Science Museum,"Business, Friends, Day trip"
232,3,1.0,Coffee Shop,"Holiday, Family, Day trip"
233,3,1.0,Sculpture Garden,"Other trip, Family, Longer trip"
234,3,1.0,Auto Dealership,"Holiday, Family, Day trip"
235,3,1.0,Bar,"Business, Other group, Longer trip"
236,3,-1.0,Bike Shop,"Holiday, Family, Night out"
237,3,-1.0,Train Station,"Holiday, Family, Night out"
238,3,-1.0,Doctor's Office,"Other trip, Friends, Night out"
239,3,1.0,Furniture / Home Store,"Alone, Longer trip"
240,3,1.0,New American Restaurant,"Holiday, Other group, Longer trip"
241,3,1.0,Hotel,"Holiday, Alone, Night out"
242,3,1.0,Asian Restaurant,"Holiday, Family, Day trip"
243,3,1.0,Cajun / Creole Restaurant,"Holiday, Alone, Weekend trip"
244,3,1.0,Winery,"Other trip, Friends, Longer trip"
245,3,-1.0,Automotive Shop,"Other trip, Family, Longer trip"
246,3,1.0,Pizza Place,"Holiday, Family, Night out"
247,3,1.0,Arts & Crafts Store,"Holiday, Alone, Weekend trip"
248,3,-1.0,Salon / Barbershop,"Holiday, Friends, Night out"
249,3,-1.0,Neighborhood,"Other trip, Family, Weekend trip"
250,3,1.0,Nightclub,"Other trip, Friends, Night out"
251,3,1.0,General Entertainment,"Other trip, Family, Weekend trip"
252,3,-1.0,Office,"Holiday, Alone, Longer trip"
253,3,1.0,Lake,"Holiday, Alone, Longer trip"
254,3,-1.0,Library,"Holiday, Family, Weekend trip"
255,3,1.0,Field,"Holiday, Family, Day trip"
256,3,1.0,Gym / Fitness Center,"Holiday, Family, Weekend trip"
257,3,1.0,BBQ Joint,"Business, Alone, Longer trip"
258,3,1.0,Southern / Soul Food Restaurant,"Holiday, Family, Night out"
259,3,1.0,History Museum,"Other trip, Friends, Weekend trip"
260,3,1.0,Dive Bar,"Other trip, Friends, Weekend trip"
261,3,1.0,Beer Garden,"Holiday, Alone, Weekend trip"
262,3,1.0,Tourist Information Center,"Other trip, Friends, Weekend trip"
263,3,1.0,Whisky Bar,"Holiday, Alone, Longer trip"
264,3,-1.0,College Academic Building,"Holiday, Alone, Longer trip"
265,3,1.0,Movie Theater,"Holiday, Family, Day trip"
266,3,1.0,American Restaurant,"Other trip, Friends, Weekend trip"
267,3,1.0,Performing Arts Venue,"Holiday, Alone, Longer trip"
268,3,-1.0,Baseball Field,"Business, Family, Longer trip"
269,3,1.0,Surf Spot,"Holiday, Other group, Day trip"
270,3,1.0,Baseball Stadium,"Holiday, Friends, Day trip"
271,3,1.0,Sandwich Place,"Holiday, Longer trip"
272,3,1.0,Food Truck,"Holiday, Family, Day trip"
273,3,1.0,Sandwich Place,"Business, Other group, Longer trip"
274,3,1.0,Tex-Mex Restaurant,"Holiday, Alone, Night out"
275,3,1.0,Historic Site,"Business, Alone, Weekend trip"
276,4,-1.0,Beach,"Holiday, Family, Night out"
277,3,1.0,Pizza Place,"Holiday, Alone, Night out"
278,3,1.0,Grocery Store,"Other trip, Friends, Weekend trip"
279,3,1.0,Plaza,"Business, Alone, Day trip"
280,3,1.0,National Park,"Other trip, Family, Longer trip"
281,3,1.0,Music Venue,"Other trip, Family, Longer trip"
282,3,1.0,New American Restaurant,"Business, Other group, Longer trip"
283,3,1.0,Pharmacy,"Holiday, Friends, Day trip"
284,3,1.0,Snack Place,"Holiday, Friends, Longer trip"
285,3,1.0,Bar,Day trip
286,4,1.0,Cuban Restaurant,"Holiday, Family, Night out"
287,3,1.0,Farmers Market,"Other trip, Family, Day trip"
288,3,1.0,Playground,"Holiday, Alone, Longer trip"
289,4,1.0,Gourmet Shop,"Holiday, Family, Day trip"
290,3,1.0,Irish Pub,"Holiday, Friends, Day trip"
291,3,1.0,Travel Agency,"Holiday, Friends, Longer trip"
292,3,1.0,Other Great Outdoors,"Other trip, Family, Weekend trip"
293,3,1.0,Food,"Holiday, Other group, Longer trip"
294,3,1.0,Monument / Landmark,"Holiday, Alone, Longer trip"
295,3,1.0,Grocery Store,"Holiday, Friends, Day trip"
296,3,1.0,Neighborhood,"Business, Friends, Day trip"
297,3,1.0,Other Nightlife,"Holiday, Family, Night out"
298,3,1.0,Seafood Restaurant,"Other trip, Friends, Longer trip"
299,3,-1.0,Athletics & Sports,"Other trip, Family, Longer trip"
300,3,1.0,Sushi Restaurant,"Other trip, Friends, Weekend trip"
301,3,1.0,French Restaurant,"Business, Alone, Night out"
302,3,1.0,Park,"Other trip, Family, Day trip"
303,3,1.0,Boutique,"Holiday, Family, Longer trip"
304,3,1.0,Music Store,"Holiday, Alone, Longer trip"
305,3,1.0,Coffee Shop,"Holiday, Alone, Night out"
306,3,1.0,Pub,"Business, Family, Longer trip"
307,3,1.0,Residential Building (Apartment / Condo),"Other trip, Family, Day trip"
308,3,1.0,Steakhouse,"Holiday, Family, Weekend trip"
309,3,1.0,Art Museum,"Holiday, Alone, Weekend trip"
310,3,1.0,Music Venue,"Holiday, Family, Night out"
311,3,-1.0,Zoo,"Holiday, Alone, Night out"
312,3,1.0,Bakery,"Other trip, Family, Day trip"
313,3,1.0,Campground,"Holiday, Alone, Weekend trip"
314,3,-1.0,Pub,"Business, Alone, Longer trip"
315,3,1.0,Bakery,"Holiday, Friends, Day trip"
316,3,1.0,Steakhouse,"Business, Family, Longer trip"
317,3,1.0,Automotive Shop,"Business, Alone, Longer trip"
318,3,1.0,Cajun / Creole Restaurant,"Holiday, Friends, Longer trip"
319,3,-1.0,Business Service,"Other trip, Friends, Longer trip"
320,3,1.0,Wings Joint,"Business, Friends, Weekend trip"
321,3,1.0,Fried Chicken Joint,"Other trip, Family, Longer trip"
322,4,1.0,Science Museum,"Other trip, Family, Longer trip"
323,3,1.0,Burrito Place,"Holiday, Friends, Weekend trip"
324,3,1.0,Harbor / Marina,"Holiday, Friends, Day trip"
325,3,1.0,Park,"Other trip, Friends, Weekend trip"
326,3,1.0,Performing Arts Venue,"Holiday, Family, Day trip"
327,3,1.0,Convenience Store,"Other trip, Friends, Weekend trip"
328,3,1.0,Grocery Store,"Holiday, Alone, Weekend trip"
329,3,1.0,Concert Hall,"Holiday, Weekend trip"
330,3,1.0,Baseball Stadium,"Holiday, Friends, Longer trip"
331,3,-1.0,Convention Center,"Holiday, Friends, Day trip"
332,3,1.0,Field,"Business, Family, Longer trip"
333,3,1.0,Park,"Holiday, Alone, Longer trip"
334,3,1.0,Thai Restaurant,"Business, Other group, Longer trip"
335,3,1.0,Sports Bar,"Business, Family, Longer trip"
336,3,1.0,Resort,"Business, Friends, Day trip"
337,3,1.0,Brewery,"Holiday, Friends, Weekend trip"
338,3,1.0,Japanese Restaurant,"Other trip, Family, Day trip"
339,3,-1.0,Convenience Store,"Other trip, Friends, Night out"
340,3,-1.0,Gym / Fitness Center,"Holiday, Family, Night out"
341,3,-1.0,College Residence Hall,"Holiday, Family, Weekend trip"
342,3,1.0,Wings Joint,"Business, Family, Longer trip"
343,3,-1.0,Dog Run,"Holiday, Friends, Longer trip"
344,3,1.0,Middle Eastern Restaurant,"Holiday, Family, Longer trip"
345,3,-1.0,Paper / Office Supplies Store,"Other trip, Family, Longer trip"
346,3,-1.0,Library,"Holiday, Friends, Weekend trip"
347,3,1.0,Lounge,"Holiday, Family, Night out"
348,3,1.0,Museum,"Business, Alone, Weekend trip"
349,3,1.0,History Museum,"Holiday, Other group, Longer trip"
350,34,-1.0,School,"Other trip, Friends, Night out"
351,38,1.0,Nightclub,"Other trip, Friends, Night out"
352,39,1.0,Music Venue,"Holiday, Family, Night out"
353,20,1.0,Grocery Store,"Holiday, Alone, Weekend trip"
354,23,1.0,History Museum,"Other trip, Friends, Longer trip"
355,19,-1.0,Pizza Place,"Business, Friends, Weekend trip"
356,36,1.0,Sculpture Garden,"Other trip, Family, Longer trip"
357,39,-1.0,History Museum,"Business, Alone, Night out"
358,33,1.0,Hotel,"Business, Alone, Weekend trip"
359,19,-1.0,College Library,"Holiday, Friends, Weekend trip"
360,21,-1.0,Paper / Office Supplies Store,"Other trip, Family, Longer trip"
361,12,-1.0,Hotel,"Holiday, Alone, Night out"
362,23,1.0,Wine Bar,"Holiday, Family, Night out"
363,19,1.0,Park,"Holiday, Alone, Longer trip"
364,16,-1.0,Doctor's Office,"Other trip, Friends, Night out"
365,10,1.0,Dessert Shop,"Other trip, Family, Weekend trip"
366,3,1.0,Gym / Fitness Center,"Holiday, Family, Weekend trip"
367,14,1.0,Bar,"Holiday, Other group, Day trip"
368,16,1.0,Lake,"Business, Other group, Longer trip"
369,12,1.0,Museum,"Business, Alone, Weekend trip"
370,14,1.0,Arts & Crafts Store,"Holiday, Alone, Weekend trip"
371,12,1.0,Sushi Restaurant,"Other trip, Friends, Weekend trip"
372,18,1.0,Park,"Holiday, Friends, Night out"
373,16,1.0,Park,"Holiday, Friends, Night out"
374,13,-1.0,Movie Theater,"Business, Other group, Longer trip"
375,11,1.0,Karaoke Bar,"Holiday, Friends, Longer trip"
376,14,1.0,Seafood Restaurant,"Holiday, Family, Night out"
377,12,1.0,Shopping Mall,"Other trip, Family, Longer trip"
378,13,1.0,Science Museum,"Other trip, Friends, Weekend trip"
379,10,1.0,Park,"Other trip, Family, Day trip"
380,15,-1.0,Campground,"Business, Alone, Longer trip"
381,8,1.0,Women's Store,"Other trip, Family, Day trip"
382,12,1.0,Sandwich Place,"Holiday, Longer trip"
383,11,1.0,Sushi Restaurant,"Business, Alone, Longer trip"
384,10,1.0,Park,"Other trip, Friends, Weekend trip"
385,15,-1.0,University,"Holiday, Friends, Weekend trip"
386,1,1.0,Planetarium,"Holiday, Friends, Day trip"
387,14,1.0,Taco Place,"Holiday, Friends, Night out"
388,15,1.0,College Theater,"Holiday, Family, Longer trip"
389,13,-1.0,Zoo,"Holiday, Alone, Night out"
390,16,-1.0,Bank,"Holiday, Friends, Day trip"
391,15,-1.0,College Library,"Holiday, Family, Longer trip"
392,16,1.0,German Restaurant,"Holiday, Family, Day trip"
393,14,1.0,Performing Arts Venue,"Holiday, Alone, Weekend trip"
394,13,1.0,Fast Food Restaurant,"Holiday, Family, Weekend trip"
395,15,1.0,Shopping Mall,"Other trip, Family, Weekend trip"
396,13,1.0,Harbor / Marina,"Holiday, Friends, Longer trip"
397,14,-1.0,Meeting Room,"Other trip, Family, Longer trip"
398,13,1.0,Performing Arts Venue,"Holiday, Family, Day trip"
399,11,1.0,Whisky Bar,"Holiday, Alone, Longer trip"
400,8,-1.0,Library,"Holiday, Family, Weekend trip"
401,15,1.0,Soup Place,"Holiday, Friends, Weekend trip"
402,13,1.0,Bagel Shop,"Holiday, Friends, Weekend trip"
403,9,1.0,Pizza Place,"Holiday, Alone, Night out"
404,7,-1.0,Salon / Barbershop,"Holiday, Friends, Night out"
405,12,1.0,Fish & Chips Shop,"Holiday, Friends, Day trip"
406,3,1.0,Latin American Restaurant,"Other trip, Family, Weekend trip"
407,3,1.0,Taco Place,"Business, Friends, Weekend trip"
408,3,1.0,Science Museum,"Holiday, Family, Longer trip"
409,3,1.0,Boutique,"Holiday, Family, Weekend trip"
410,3,1.0,Sushi Restaurant,"Other trip, Family, Weekend trip"
411,3,1.0,Wings Joint,"Other trip, Family, Weekend trip"
412,3,1.0,American Restaurant,"Business, Alone, Night out"
413,3,1.0,Wings Joint,"Business, Alone, Longer trip"
414,3,1.0,Resort,"Holiday, Alone, Weekend trip"
415,3,1.0,Gym,"Other trip, Friends, Weekend trip"
416,3,1.0,Pub,"Holiday, Other group, Day trip"
417,4,1.0,Park,"Other trip, Family, Weekend trip"
418,3,1.0,Aquarium,"Holiday, Friends, Day trip"
419,3,1.0,Other Nightlife,"Other trip, Family, Weekend trip"
420,3,1.0,American Restaurant,"Holiday, Longer trip"
421,3,-1.0,Bank,"Holiday, Family, Weekend trip"
422,3,1.0,Convenience Store,"Holiday, Alone, Weekend trip"
423,3,1.0,Pool,"Business, Alone, Longer trip"
424,3,1.0,Bar,"Holiday, Alone, Weekend trip"
425,3,-1.0,Trail,"Holiday, Alone, Night out"
426,3,1.0,Breakfast Spot,"Business, Friends, Weekend trip"
427,3,1.0,Golf Course,"Holiday, Family, Weekend trip"
428,3,-1.0,Office,"Holiday, Family, Weekend trip"
429,3,1.0,Campground,"Holiday, Family, Weekend trip"
430,3,1.0,Beer Garden,"Holiday, Friends, Night out"
431,3,-1.0,College Quad,"Other trip, Family, Longer trip"
432,3,-1.0,Gym / Fitness Center,"Other trip, Family, Weekend trip"
433,3,1.0,Cocktail Bar,"Other trip, Friends, Weekend trip"
434,3,1.0,Food Truck,"Holiday, Friends, Weekend trip"
435,3,1.0,Plaza,"Holiday, Friends, Night out"
436,3,-1.0,Gym,"Holiday, Family, Day trip"
437,3,1.0,Other Great Outdoors,"Holiday, Alone, Weekend trip"
438,4,1.0,Restaurant,"Other trip, Family, Day trip"
439,3,-1.0,Gas Station,"Holiday, Family, Weekend trip"
440,3,-1.0,Department Store,"Holiday, Friends, Longer trip"
441,3,-1.0,Church,"Holiday, Alone, Longer trip"
442,3,1.0,Wine Bar,"Holiday, Friends, Night out"
443,3,1.0,Concert Hall,"Holiday, Family, Weekend trip"
444,4,1.0,Indian Restaurant,"Business, Alone, Weekend trip"
445,3,-1.0,Supermarket,"Holiday, Family, Night out"
446,3,1.0,General Travel,"Holiday, Family, Day trip"
447,3,1.0,Pub,"Other trip, Friends, Weekend trip"
448,3,1.0,Chinese Restaurant,"Business, Alone, Longer trip"
449,4,1.0,Music Venue,"Business, Other group, Longer trip"
450,3,1.0,Bar,"Holiday, Weekend trip"
451,3,1.0,Gym,"Holiday, Other group, Longer trip"
452,3,1.0,Arcade,"Other trip, Family, Longer trip"
453,3,1.0,National Park,"Business, Friends, Day trip"
454,3,1.0,Harbor / Marina,"Holiday, Family, Weekend trip"
455,3,-1.0,Paper / Office Supplies Store,"Holiday, Friends, Longer trip"
456,3,-1.0,Nightclub,Day trip
457,3,1.0,Breakfast Spot,"Business, Alone, Weekend trip"
458,3,1.0,Burger Joint,"Business, Friends, Day trip"
459,3,1.0,Seafood Restaurant,"Holiday, Friends, Day trip"
460,3,1.0,BBQ Joint,"Other trip, Family, Weekend trip"
461,3,1.0,American Restaurant,"Other trip, Friends, Night out"
462,3,1.0,Zoo,"Holiday, Alone, Weekend trip"
463,3,-1.0,Meeting Room,"Holiday, Alone, Longer trip"
464,3,1.0,General Entertainment,"Holiday, Family, Day trip"
465,3,1.0,Diner,"Business, Alone, Night out"
466,3,1.0,Spanish Restaurant,"Other trip, Friends, Night out"
467,3,1.0,Arts & Crafts Store,"Holiday, Family, Longer trip"
468,3,1.0,Deli / Bodega,"Holiday, Alone, Night out"
469,3,1.0,Stadium,"Holiday, Family, Longer trip"
470,3,1.0,Indian Restaurant,"Other trip, Family, Longer trip"
471,3,1.0,Sports Bar,"Holiday, Family, Longer trip"
472,3,-1.0,Women's Store,"Holiday, Alone, Longer trip"
473,3,-1.0,Medical Center,"Holiday, Friends, Day trip"
474,4,-1.0,Food Truck,"Business, Other group, Longer trip"
475,3,-1.0,College Cafeteria,"Other trip, Family, Longer trip"
476,3,1.0,Boat or Ferry,"Holiday, Alone, Weekend trip"
477,3,1.0,Southern / Soul Food Restaurant,"Other trip, Family, Longer trip"
478,4,1.0,Stadium,"Holiday, Friends, Night out"
479,3,1.0,Karaoke Bar,"Other trip, Friends, Night out"
480,4,1.0,Pool,"Holiday, Family, Day trip"
481,3,1.0,Campground,"Holiday, Family, Longer trip"
482,3,1.0,Historic Site,"Other trip, Family, Longer trip"
483,3,1.0,Playground,"Holiday, Other group, Longer trip"
484,3,1.0,Music Store,"Holiday, Friends, Longer trip"
485,3,-1.0,Neighborhood,"Other trip, Family, Day trip"
486,3,1.0,Donut Shop,"Holiday, Family, Weekend trip"
487,3,1.0,Dog Run,"Holiday, Alone, Weekend trip"
488,3,-1.0,College Library,"Other trip, Family, Weekend trip"
489,3,-1.0,Museum,"Holiday, Friends, Night out"
490,3,1.0,Campground,"Holiday, Friends, Weekend trip"
491,3,-1.0,Bakery,"Business, Friends, Day trip"
492,3,1.0,Bar,"Business, Family, Longer trip"
493,3,1.0,Food & Drink Shop,"Holiday, Alone, Longer trip"
494,3,1.0,Italian Restaurant,"Holiday, Alone, Night out"
495,3,1.0,Dessert Shop,"Business, Alone, Night out"
496,3,1.0,Plaza,"Other trip, Family, Weekend trip"
497,3,1.0,Dive Bar,"Holiday, Other group, Day trip"
498,3,1.0,Public Art,"Holiday, Friends, Longer trip"
499,4,1.0,Arts & Entertainment,"Business, Family, Longer trip"
500,3,1.0,Cajun / Creole Restaurant,"Holiday, Alone, Night out"
501,3,1.0,Taco Place,"Holiday, Family, Longer trip"
502,3,1.0,Theme Park,"Other trip, Family, Day trip"
503,3,1.0,New American Restaurant,"Holiday, Friends, Longer trip"
504,3,-1.0,College & University,"Holiday, Family, Longer trip"
505,3,1.0,History Museum,"Holiday, Alone, Longer trip"
506,3,1.0,Latin American Restaurant,"Other trip, Friends, Weekend trip"
507,3,1.0,Arts & Entertainment,"Holiday, Family, Longer trip"
508,3,-1.0,Casino,"Business, Friends, Day trip"
509,3,-1.0,Speakeasy,"Holiday, Family, Weekend trip"
510,3,1.0,BBQ Joint,"Other trip, Friends, Weekend trip"
511,3,1.0,Japanese Restaurant,"Holiday, Alone, Weekend trip"
512,3,1.0,Food,"Holiday, Other group, Day trip"
513,3,1.0,Breakfast Spot,"Other trip, Family, Weekend trip"
514,3,1.0,Gift Shop,"Business, Family, Longer trip"
515,3,1.0,Nightlife Spot,"Holiday, Friends, Weekend trip"
516,3,1.0,Theme Park,"Holiday, Family, Night out"
517,3,1.0,Music Venue,"Holiday, Friends, Longer trip"
518,3,1.0,Deli / Bodega,"Holiday, Friends, Longer trip"
519,3,1.0,Spa,"Holiday, Friends, Weekend trip"
520,3,1.0,Scenic Lookout,"Holiday, Weekend trip"
521,3,1.0,Clothing Store,"Other trip, Friends, Longer trip"
522,4,1.0,Travel Agency,"Holiday, Friends, Weekend trip"
523,3,1.0,Theater,"Business, Alone, Longer trip"
524,3,1.0,German Restaurant,"Business, Alone, Weekend trip"
525,3,1.0,Performing Arts Venue,"Holiday, Friends, Longer trip"
526,3,1.0,Planetarium,"Holiday, Family, Day trip"
527,3,1.0,Hotel Bar,"Holiday, Family, Night out"
528,3,-1.0,Arts & Crafts Store,"Holiday, Friends, Weekend trip"
529,3,1.0,Nightclub,"Holiday, Family, Longer trip"
530,3,1.0,Jewelry Store,"Holiday, Friends, Longer trip"
531,3,1.0,Shipping Store,"Holiday, Friends, Night out"
532,3,1.0,Hotel Bar,"Holiday, Friends, Longer trip"
533,3,1.0,Stadium,"Holiday, Family, Weekend trip"
534,3,1.0,American Restaurant,"Other trip, Family, Longer trip"
535,4,1.0,Wings Joint,"Holiday, Friends, Weekend trip"
536,3,1.0,Lounge,"Holiday, Friends, Weekend trip"
537,3,1.0,New American Restaurant,"Other trip, Family, Day trip"
538,3,1.0,Other Great Outdoors,"Holiday, Family, Night out"
539,3,1.0,Bed & Breakfast,"Holiday, Alone, Longer trip"
540,3,1.0,Theme Restaurant,"Business, Friends, Day trip"
541,3,1.0,Movie Theater,"Other trip, Family, Weekend trip"
542,3,1.0,Beer Garden,"Holiday, Family, Weekend trip"
543,3,-1.0,Trail,"Business, Family, Longer trip"
544,3,1.0,Park,"Holiday, Family, Day trip"
545,3,1.0,College Quad,"Holiday, Friends, Weekend trip"
546,3,-1.0,School,"Holiday, Alone, Longer trip"
547,3,1.0,Tapas Restaurant,"Business, Friends, Weekend trip"
548,3,1.0,Jazz Club,"Other trip, Family, Weekend trip"
549,3,1.0,Lounge,"Holiday, Alone, Weekend trip"
550,3,-1.0,Conference Room,"Other trip, Family, Longer trip"
551,3,1.0,Spanish Restaurant,"Holiday, Alone, Longer trip"
552,3,-1.0,Grocery Store,"Business, Alone, Longer trip"
553,3,1.0,Food Truck,"Holiday, Friends, Night out"
554,3,1.0,Flea Market,"Holiday, Family, Weekend trip"
555,4,1.0,Baseball Stadium,"Holiday, Family, Longer trip"
556,3,1.0,Baseball Field,"Holiday, Friends, Day trip"
557,4,1.0,Hotel,"Business, Alone, Day trip"
558,3,1.0,Mediterranean Restaurant,"Business, Alone, Weekend trip"
559,3,1.0,Outdoors & Recreation,"Other trip, Family, Longer trip"
560,3,1.0,American Restaurant,Day trip
561,3,1.0,Public Art,"Holiday, Family, Weekend trip"
562,3,1.0,Discount Store,"Holiday, Friends, Weekend trip"
563,3,1.0,Art Gallery,"Holiday, Alone, Weekend trip"
564,3,1.0,Basketball Stadium,"Holiday, Family, Longer trip"
565,3,-1.0,Beer Garden,"Holiday, Family, Longer trip"
566,3,-1.0,College Classroom,"Holiday, Friends, Longer trip"
567,3,1.0,American Restaurant,"Holiday, Other group, Day trip"
568,3,1.0,Wine Bar,"Business, Alone, Longer trip"
569,3,1.0,Monument / Landmark,"Holiday, Friends, Weekend trip"
570,3,1.0,Gas Station,"Holiday, Family, Longer trip"
571,3,1.0,Restaurant,"Business, Friends, Weekend trip"
572,3,1.0,Chinese Restaurant,"Other trip, Friends, Night out"
573,3,-1.0,Pharmacy,"Business, Family, Longer trip"
574,3,1.0,Planetarium,"Holiday, Family, Weekend trip"
575,3,1.0,Bakery,"Other trip, Family, Weekend trip"
576,3,1.0,Dive Bar,"Holiday, Friends, Longer trip"
577,3,1.0,Sandwich Place,"Business, Family, Longer trip"
578,3,1.0,Baseball Stadium,"Other trip, Family, Longer trip"
579,3,1.0,Jazz Club,"Holiday, Friends, Weekend trip"
580,3,1.0,Event Space,"Other trip, Friends, Weekend trip"
581,4,1.0,Scenic Lookout,Weekend trip
582,3,1.0,Coffee Shop,"Holiday, Other group, Day trip"
583,3,1.0,River,"Holiday, Family, Longer trip"
584,3,-1.0,Historic Site,"Holiday, Alone, Night out"
585,3,-1.0,Warehouse Store,"Holiday, Family, Weekend trip"
586,3,1.0,Korean Restaurant,"Holiday, Friends, Night out"
587,3,1.0,Travel Agency,"Business, Alone, Longer trip"
588,3,-1.0,Laundry Service,"Holiday, Friends, Weekend trip"
589,3,1.0,Art Gallery,"Holiday, Weekend trip"
590,3,1.0,Sandwich Place,"Other trip, Family, Day trip"
591,3,1.0,Hot Dog Joint,"Holiday, Alone, Longer trip"
592,3,1.0,Grocery Store,"Holiday, Friends, Longer trip"
593,3,-1.0,Supermarket,"Holiday, Friends, Longer trip"
594,3,1.0,Campground,"Business, Friends, Weekend trip"
595,3,1.0,Dessert Shop,"Business, Other group, Longer trip"
596,3,1.0,Chinese Restaurant,"Holiday, Family, Longer trip"
597,3,1.0,Coffee Shop,"Holiday, Family, Weekend trip"
598,3,1.0,National Park,"Holiday, Family, Longer trip"
599,3,1.0,Park,"Other trip, Friends, Longer trip"
600,3,1.0,Restaurant,"Business, Alone, Weekend trip"
601,4,1.0,Gym,"Business, Friends, Weekend trip"
602,3,1.0,Sports Bar,"Holiday, Friends, Night out"
603,3,-1.0,Neighborhood,"Holiday, Alone, Longer trip"
604,3,1.0,Brewery,"Holiday, Family, Weekend trip"
605,4,1.0,Planetarium,"Holiday, Friends, Longer trip"
606,3,1.0,Music Venue,"Other trip, Friends, Longer trip"
607,3,-1.0,University,"Holiday, Family, Weekend trip"
608,4,-1.0,Bridge,"Other trip, Family, Longer trip"
609,3,1.0,Pizza Place,Weekend trip
610,3,1.0,Music Venue,"Other trip, Friends, Weekend trip"
611,3,1.0,Steakhouse,"Holiday, Friends, Weekend trip"
612,3,1.0,Bridge,"Holiday, Family, Day trip"
613,3,-1.0,Residential Building (Apartment / Condo),"Holiday, Family, Night out"
614,3,1.0,Lake,"Holiday, Family, Weekend trip"
615,4,1.0,Coffee Shop,"Other trip, Friends, Longer trip"
616,3,1.0,Performing Arts Venue,"Other trip, Family, Weekend trip"
617,4,1.0,Beach,"Holiday, Friends, Longer trip"
618,3,1.0,Southern / Soul Food Restaurant,"Holiday, Alone, Night out"
619,3,1.0,Coffee Shop,"Holiday, Family, Longer trip"
620,3,-1.0,Print Shop,"Holiday, Family, Day trip"
621,3,1.0,Dessert Shop,"Other trip, Friends, Longer trip"
622,4,1.0,Cocktail Bar,"Business, Friends, Weekend trip"
623,3,1.0,Donut Shop,"Holiday, Friends, Weekend trip"
624,3,1.0,Art Gallery,"Holiday, Family, Longer trip"
625,3,1.0,Seafood Restaurant,"Business, Other group, Longer trip"
626,3,1.0,Southern / Soul Food Restaurant,"Holiday, Family, Longer trip"
627,3,1.0,Baseball Stadium,"Holiday, Family, Day trip"
628,3,1.0,Pizza Place,"Other trip, Family, Weekend trip"
629,3,1.0,Salad Place,"Holiday, Other group, Day trip"
630,3,1.0,Pool,"Business, Alone, Weekend trip"
631,3,1.0,Doctor's Office,"Holiday, Family, Day trip"
632,3,-1.0,Pharmacy,"Holiday, Family, Night out"
633,3,1.0,Mediterranean Restaurant,"Holiday, Family, Day trip"
634,3,1.0,Multiplex,"Holiday, Family, Weekend trip"
635,3,1.0,Sushi Restaurant,"Holiday, Friends, Longer trip"
636,3,1.0,Donut Shop,"Business, Alone, Longer trip"
637,3,-1.0,College Theater,"Holiday, Family, Day trip"
638,3,1.0,Music Venue,"Holiday, Friends, Day trip"
639,3,1.0,Women's Store,"Holiday, Family, Longer trip"
640,3,1.0,Bakery,"Other trip, Friends, Longer trip"
641,3,1.0,Hot Dog Joint,"Holiday, Friends, Night out"
642,3,1.0,Diner,"Other trip, Family, Day trip"
643,3,1.0,Tourist Information Center,"Holiday, Family, Weekend trip"
644,3,-1.0,Supermarket,"Business, Alone, Longer trip"
645,3,1.0,Baseball Stadium,"Business, Family, Longer trip"
646,3,1.0,Asian Restaurant,"Other trip, Friends, Weekend trip"
647,3,1.0,Restaurant,"Holiday, Friends, Night out"
648,3,1.0,Japanese Restaurant,"Other trip, Family, Longer trip"
649,3,1.0,Museum,"Holiday, Weekend trip"
650,3,1.0,Thai Restaurant,"Holiday, Friends, Night out"
651,3,1.0,Historic Site,"Business, Alone, Night out"
652,3,1.0,Farmers Market,"Holiday, Alone, Weekend trip"
653,3,1.0,Wine Bar,"Business, Friends, Day trip"
654,3,1.0,Sports Bar,"Other trip, Family, Weekend trip"
655,3,-1.0,Clothing Store,"Holiday, Other group, Day trip"
656,3,1.0,Donut Shop,"Holiday, Family, Night out"
657,3,1.0,Noodle House,"Other trip, Friends, Weekend trip"
658,3,1.0,Mexican Restaurant,"Business, Alone, Longer trip"
659,3,1.0,Other Great Outdoors,"Holiday, Alone, Longer trip"
660,3,1.0,Wine Bar,"Holiday, Friends, Longer trip"
661,3,-1.0,Pharmacy,"Holiday, Friends, Weekend trip"
662,3,1.0,Dog Run,"Holiday, Friends, Night out"
663,3,1.0,Farmers Market,"Holiday, Friends, Longer trip"
664,4,1.0,Lake,"Holiday, Other group, Day trip"
665,3,1.0,Cajun / Creole Restaurant,"Holiday, Alone, Longer trip"
666,3,1.0,Church,"Holiday, Family, Weekend trip"
667,3,-1.0,College Library,"Holiday, Family, Day trip"
668,3,-1.0,Student Center,"Holiday, Friends, Longer trip"
669,3,1.0,Mediterranean Restaurant,"Other trip, Family, Weekend trip"
670,3,1.0,Trail,"Holiday, Friends, Weekend trip"
671,3,1.0,German Restaurant,"Holiday, Friends, Weekend trip"
672,3,1.0,Science Museum,"Business, Friends, Weekend trip"
673,4,1.0,Historic Site,"Holiday, Family, Weekend trip"
674,3,1.0,Arts & Crafts Store,"Business, Family, Longer trip"
675,4,-1.0,Coffee Shop,"Holiday, Friends, Night out"
676,3,1.0,Beach,"Holiday, Other group, Day trip"
677,3,1.0,New American Restaurant,"Business, Alone, Day trip"
678,3,1.0,BBQ Joint,"Holiday, Family, Longer trip"
679,3,-1.0,Clothing Store,"Holiday, Friends, Longer trip"
680,3,1.0,Vietnamese Restaurant,"Holiday, Family, Weekend trip"
681,3,-1.0,Salon / Barbershop,"Holiday, Friends, Weekend trip"
682,3,1.0,City,"Other trip, Friends, Weekend trip"
683,3,1.0,Lake,"Other trip, Family, Longer trip"
684,3,-1.0,Building,"Holiday, Alone, Longer trip"
685,3,1.0,Concert Hall,"Holiday, Alone, Night out"
686,4,1.0,Resort,"Other trip, Family, Longer trip"
687,3,1.0,Historic Site,"Business, Family, Longer trip"
688,3,1.0,College Academic Building,"Holiday, Friends, Longer trip"
689,3,-1.0,Office,"Holiday, Friends, Longer trip"
690,3,-1.0,Butcher,"Holiday, Friends, Weekend trip"
691,3,1.0,Wings Joint,"Holiday, Friends, Longer trip"
692,3,1.0,Nightclub,"Holiday, Family, Weekend trip"
693,3,1.0,Food,"Business, Alone, Weekend trip"
694,3,1.0,Dog Run,"Business, Friends, Weekend trip"
695,3,1.0,Coffee Shop,"Business, Alone, Weekend trip"
696,3,1.0,Sushi Restaurant,"Holiday, Alone, Night out"
697,3,-1.0,Museum,"Business, Alone, Longer trip"
698,3,1.0,Movie Theater,"Other trip, Friends, Weekend trip"
699,3,1.0,Cupcake Shop,"Holiday, Family, Weekend trip"
700,3,1.0,Resort,"Holiday, Family, Night out"
701,3,1.0,Restaurant,"Holiday, Friends, Weekend trip"
702,3,1.0,Women's Store,"Holiday, Friends, Longer trip"
703,3,1.0,Mongolian Restaurant,"Holiday, Friends, Weekend trip"
704,3,1.0,Sushi Restaurant,"Other trip, Family, Day trip"
705,4,1.0,Burger Joint,"Holiday, Friends, Night out"
706,3,1.0,Soup Place,"Other trip, Family, Weekend trip"
707,4,1.0,Vegetarian / Vegan Restaurant,"Holiday, Alone, Weekend trip"
708,3,1.0,Southern / Soul Food Restaurant,"Business, Family, Longer trip"
709,3,1.0,Arcade,"Other trip, Family, Weekend trip"
710,3,1.0,Sports Bar,"Holiday, Alone, Weekend trip"
711,3,-1.0,College Administrative Building,"Holiday, Family, Longer trip"
712,3,1.0,Basketball Stadium,"Holiday, Family, Day trip"
713,3,-1.0,Football Stadium,"Business, Alone, Night out"
714,3,1.0,Train Station,"Holiday, Friends, Longer trip"
715,3,-1.0,History Museum,"Business, Alone, Day trip"
716,3,-1.0,Whisky Bar,"Holiday, Family, Weekend trip"
717,3,1.0,Concert Hall,"Business, Friends, Day trip"
718,3,1.0,Restaurant,"Business, Alone, Day trip"
719,3,-1.0,Water Park,"Holiday, Friends, Night out"
720,3,1.0,Food Truck,"Holiday, Friends, Longer trip"
721,4,1.0,Mexican Restaurant,"Holiday, Friends, Weekend trip"
722,3,-1.0,Thrift / Vintage Store,"Holiday, Friends, Night out"
723,3,1.0,Resort,"Business, Alone, Night out"
724,3,1.0,Wine Bar,"Holiday, Family, Weekend trip"
725,3,1.0,Trail,"Holiday, Family, Weekend trip"
726,3,1.0,Irish Pub,"Holiday, Friends, Night out"
727,3,1.0,Gourmet Shop,"Business, Friends, Day trip"
728,3,1.0,Chinese Restaurant,"Holiday, Other group, Longer trip"
729,3,-1.0,Gym / Fitness Center,"Holiday, Other group, Longer trip"
730,3,1.0,Wine Shop,"Holiday, Friends, Longer trip"
731,3,1.0,Indie Movie Theater,"Holiday, Family, Longer trip"
732,3,1.0,Vegetarian / Vegan Restaurant,"Business, Friends, Weekend trip"
733,3,1.0,Wings Joint,"Other trip, Family, Longer trip"
734,3,1.0,Breakfast Spot,"Holiday, Alone, Weekend trip"
735,3,1.0,Deli / Bodega,"Other trip, Family, Longer trip"
736,3,1.0,Hot Dog Joint,"Holiday, Friends, Longer trip"
737,3,1.0,Seafood Restaurant,"Business, Friends, Day trip"
738,3,1.0,Irish Pub,"Holiday, Friends, Longer trip"
739,3,1.0,Health Food Store,"Holiday, Family, Longer trip"
740,3,1.0,Convention Center,"Holiday, Alone, Weekend trip"
741,3,1.0,Other Great Outdoors,"Business, Friends, Day trip"
742,3,1.0,Greek Restaurant,"Holiday, Friends, Weekend trip"
743,3,1.0,Bagel Shop,"Holiday, Family, Weekend trip"
744,3,1.0,Aquarium,"Holiday, Alone, Weekend trip"
745,3,1.0,College Cafeteria,"Holiday, Friends, Longer trip"
746,3,1.0,Chinese Restaurant,"Holiday, Friends, Night out"
747,3,1.0,Fish & Chips Shop,"Other trip, Family, Longer trip"
748,3,1.0,Hotel,"Other trip, Family, Weekend trip"
749,3,1.0,Bed & Breakfast,"Other trip, Friends, Longer trip"
750,3,1.0,Fast Food Restaurant,"Holiday, Family, Day trip"
751,3,1.0,Thrift / Vintage Store,"Holiday, Family, Weekend trip"
752,3,-1.0,College Science Building,"Holiday, Alone, Longer trip"
753,3,1.0,Art Gallery,"Other trip, Family, Longer trip"
754,3,1.0,Casino,"Other trip, Family, Longer trip"
755,3,-1.0,Shoe Store,"Holiday, Other group, Longer trip"
756,3,1.0,Science Museum,"Holiday, Friends, Longer trip"
757,3,1.0,Trail,"Holiday, Family, Day trip"
758,3,1.0,Fast Food Restaurant,"Holiday, Family, Night out"
759,3,1.0,Burger Joint,"Other trip, Family, Day trip"
760,3,1.0,Asian Restaurant,"Holiday, Family, Weekend trip"
761,3,-1.0,Conference Room,"Holiday, Family, Weekend trip"
762,3,-1.0,College Cafeteria,"Holiday, Family, Longer trip"
763,3,1.0,Convenience Store,"Holiday, Alone, Longer trip"
764,3,-1.0,Playground,"Business, Alone, Weekend trip"
765,3,1.0,Salon / Barbershop,"Holiday, Alone, Longer trip"
766,3,1.0,Burrito Place,"Business, Alone, Day trip"
767,3,1.0,College Theater,"Holiday, Family, Weekend trip"
768,3,1.0,Snack Place,"Holiday, Family, Night out"
769,3,1.0,Food Truck,"Holiday, Family, Longer trip"
770,3,1.0,Aquarium,"Holiday, Family, Night out"
771,3,1.0,Cajun / Creole Restaurant,"Holiday, Friends, Weekend trip"
772,3,-1.0,Golf Course,"Holiday, Alone, Weekend trip"
773,3,1.0,South American Restaurant,"Holiday, Friends, Longer trip"
774,3,1.0,Resort,"Holiday, Friends, Longer trip"
775,3,1.0,Beer Garden,"Holiday, Friends, Day trip"
776,3,1.0,Gastropub,"Holiday, Alone, Weekend trip"
777,3,1.0,Racetrack,"Holiday, Family, Weekend trip"
778,3,1.0,Taco Place,"Holiday, Other group, Longer trip"
779,3,1.0,Theme Restaurant,"Holiday, Family, Day trip"
780,3,1.0,Department Store,"Holiday, Family, Longer trip"
781,3,1.0,French Restaurant,"Holiday, Friends, Weekend trip"
782,3,1.0,BBQ Joint,"Holiday, Friends, Night out"
783,3,1.0,Science Museum,"Holiday, Weekend trip"
784,3,1.0,Restaurant,"Holiday, Family, Night out"
785,3,1.0,Cajun / Creole Restaurant,"Holiday, Friends, Night out"
786,3,1.0,Pizza Place,"Holiday, Family, Weekend trip"
787,3,-1.0,Garden,"Holiday, Alone, Longer trip"
788,3,1.0,Shopping Mall,"Business, Alone, Longer trip"
789,3,-1.0,Bar,"Holiday, Family, Longer trip"
790,3,1.0,Garden,"Business, Friends, Day trip"
791,4,1.0,River,"Holiday, Friends, Weekend trip"
792,3,1.0,Diner,"Holiday, Friends, Night out"
793,3,1.0,Pool,"Holiday, Family, Weekend trip"
794,3,1.0,Greek Restaurant,"Holiday, Family, Longer trip"
795,3,-1.0,Theater,"Business, Family, Longer trip"
796,3,1.0,Government Building,"Holiday, Friends, Weekend trip"
797,3,1.0,Other Great Outdoors,"Business, Family, Longer trip"
798,3,1.0,Pizza Place,"Other trip, Family, Day trip"
799,3,1.0,South American Restaurant,"Holiday, Family, Longer trip"
800,3,1.0,Brazilian Restaurant,"Holiday, Friends, Longer trip"
801,3,1.0,Park,"Holiday, Alone, Weekend trip"
802,3,1.0,Hotel,"Other trip, Friends, Weekend trip"
803,3,-1.0,Historic Site,"Business, Alone, Day trip"
804,3,1.0,American Restaurant,"Holiday, Family, Weekend trip"
805,3,1.0,Coffee Shop,"Other trip, Family, Weekend trip"
806,3,-1.0,Salon / Barbershop,"Business, Friends, Day trip"
807,9,1.0,Theater,"Other trip, Family, Weekend trip"
